{
  "Total" : {
    "transaction" : "Total",
    "sampleCount" : 14436,
    "errorCount" : 7479,
    "errorPct" : 51.80798,
    "meanResTime" : 543.7331670822928,
    "medianResTime" : 446.0,
    "minResTime" : 0.0,
    "maxResTime" : 17057.0,
    "pct1ResTime" : 788.0,
    "pct2ResTime" : 1159.1499999999996,
    "pct3ResTime" : 1888.0,
    "throughput" : 2.0049523823809183,
    "receivedKBytesPerSec" : 2.9327059558724367,
    "sentKBytesPerSec" : 0.5971577196308948
  },
  "Transaction Controller - Add Favorite Image" : {
    "transaction" : "Transaction Controller - Add Favorite Image",
    "sampleCount" : 3616,
    "errorCount" : 3606,
    "errorPct" : 99.72345,
    "meanResTime" : 19844.8219026549,
    "medianResTime" : 19966.0,
    "minResTime" : 0.0,
    "maxResTime" : 22198.0,
    "pct1ResTime" : 20132.3,
    "pct2ResTime" : 20301.6,
    "pct3ResTime" : 20990.98,
    "throughput" : 0.5022052030458968,
    "receivedKBytesPerSec" : 2.0846993171342527,
    "sentKBytesPerSec" : 0.3360264813595206
  },
  "Transaction Controller - Delete Favorite Image" : {
    "transaction" : "Transaction Controller - Delete Favorite Image",
    "sampleCount" : 3606,
    "errorCount" : 3601,
    "errorPct" : 99.86134,
    "meanResTime" : 19968.548530227486,
    "medianResTime" : 20027.0,
    "minResTime" : 0.0,
    "maxResTime" : 25890.0,
    "pct1ResTime" : 20166.3,
    "pct2ResTime" : 20337.199999999997,
    "pct3ResTime" : 21045.86,
    "throughput" : 0.5009507088674805,
    "receivedKBytesPerSec" : 0.846029663912225,
    "sentKBytesPerSec" : 0.2607218958803264
  },
  "GET-SEARCH-IMAGE" : {
    "transaction" : "GET-SEARCH-IMAGE",
    "sampleCount" : 3609,
    "errorCount" : 27,
    "errorPct" : 0.74812967,
    "meanResTime" : 684.4242172346912,
    "medianResTime" : 495.0,
    "minResTime" : 215.0,
    "maxResTime" : 4208.0,
    "pct1ResTime" : 1358.0,
    "pct2ResTime" : 1710.0,
    "pct3ResTime" : 2352.6000000000013,
    "throughput" : 0.5013426787646439,
    "receivedKBytesPerSec" : 1.6502829648525998,
    "sentKBytesPerSec" : 0.1810733768544574
  },
  "GET-IMAGE-FAVOURITED_ID" : {
    "transaction" : "GET-IMAGE-FAVOURITED_ID",
    "sampleCount" : 3603,
    "errorCount" : 2487,
    "errorPct" : 69.02581,
    "meanResTime" : 492.06661115736915,
    "medianResTime" : 442.0,
    "minResTime" : 199.0,
    "maxResTime" : 2786.0,
    "pct1ResTime" : 585.0,
    "pct2ResTime" : 787.0,
    "pct3ResTime" : 1452.92,
    "throughput" : 0.5008433573825256,
    "receivedKBytesPerSec" : 0.43492253178784535,
    "sentKBytesPerSec" : 0.12517608751678166
  },
  "POST-FAVOURITES-IMAGE" : {
    "transaction" : "POST-FAVOURITES-IMAGE",
    "sampleCount" : 3607,
    "errorCount" : 2478,
    "errorPct" : 68.69975,
    "meanResTime" : 471.4053229830891,
    "medianResTime" : 426.0,
    "minResTime" : 224.0,
    "maxResTime" : 2642.0,
    "pct1ResTime" : 583.2000000000003,
    "pct2ResTime" : 774.1999999999998,
    "pct3ResTime" : 1455.5200000000004,
    "throughput" : 0.5010319981231094,
    "receivedKBytesPerSec" : 0.43484395286708516,
    "sentKBytesPerSec" : 0.1550164598196507
  },
  "DELETE-IMAGE-FAVOURITED" : {
    "transaction" : "DELETE-IMAGE-FAVOURITED",
    "sampleCount" : 3597,
    "errorCount" : 2477,
    "errorPct" : 68.86294,
    "meanResTime" : 498.1898804559363,
    "medianResTime" : 449.0,
    "minResTime" : 219.0,
    "maxResTime" : 6502.0,
    "pct1ResTime" : 617.0,
    "pct2ResTime" : 795.0,
    "pct3ResTime" : 1494.06,
    "throughput" : 0.4999031324761368,
    "receivedKBytesPerSec" : 0.4115427055227969,
    "sentKBytesPerSec" : 0.13567815918072032
  }
}