{
  "Total" : {
    "transaction" : "Total",
    "sampleCount" : 766,
    "errorCount" : 401,
    "errorPct" : 52.34987,
    "meanResTime" : 719.0953002610959,
    "medianResTime" : 455.0,
    "minResTime" : 0.0,
    "maxResTime" : 13324.0,
    "pct1ResTime" : 1036.1000000000017,
    "pct2ResTime" : 1787.8499999999976,
    "pct3ResTime" : 9914.680000000004,
    "throughput" : 2.112677998637516,
    "receivedKBytesPerSec" : 3.1992614461432596,
    "sentKBytesPerSec" : 0.6314541959481264
  },
  "Transaction Controller - Add Favorite Image" : {
    "transaction" : "Transaction Controller - Add Favorite Image",
    "sampleCount" : 202,
    "errorCount" : 150,
    "errorPct" : 74.25742,
    "meanResTime" : 6347.42574257426,
    "medianResTime" : 4020.5,
    "minResTime" : 0.0,
    "maxResTime" : 20708.0,
    "pct1ResTime" : 17823.700000000103,
    "pct2ResTime" : 19978.7,
    "pct3ResTime" : 20321.76,
    "throughput" : 0.557013963954027,
    "receivedKBytesPerSec" : 2.224625144423794,
    "sentKBytesPerSec" : 0.3580192388693719
  },
  "Transaction Controller - Delete Favorite Image" : {
    "transaction" : "Transaction Controller - Delete Favorite Image",
    "sampleCount" : 184,
    "errorCount" : 134,
    "errorPct" : 72.82609,
    "meanResTime" : 7081.722826086956,
    "medianResTime" : 4033.5,
    "minResTime" : 0.0,
    "maxResTime" : 20291.0,
    "pct1ResTime" : 20023.5,
    "pct2ResTime" : 20061.25,
    "pct3ResTime" : 20130.350000000002,
    "throughput" : 0.5114748265433198,
    "receivedKBytesPerSec" : 0.8186974192064356,
    "sentKBytesPerSec" : 0.2550098994006849
  },
  "GET-SEARCH-IMAGE" : {
    "transaction" : "GET-SEARCH-IMAGE",
    "sampleCount" : 200,
    "errorCount" : 6,
    "errorPct" : 3.0,
    "meanResTime" : 863.1300000000003,
    "medianResTime" : 572.0,
    "minResTime" : 403.0,
    "maxResTime" : 2691.0,
    "pct1ResTime" : 1914.9000000000003,
    "pct2ResTime" : 2208.85,
    "pct3ResTime" : 2473.83,
    "throughput" : 0.5525365571999657,
    "receivedKBytesPerSec" : 1.7859179410692136,
    "sentKBytesPerSec" : 0.19962541474775325
  },
  "GET-IMAGE-FAVOURITED_ID" : {
    "transaction" : "GET-IMAGE-FAVOURITED_ID",
    "sampleCount" : 178,
    "errorCount" : 127,
    "errorPct" : 71.34831,
    "meanResTime" : 464.19662921348305,
    "medianResTime" : 436.5,
    "minResTime" : 273.0,
    "maxResTime" : 1476.0,
    "pct1ResTime" : 515.1,
    "pct2ResTime" : 600.9499999999994,
    "pct3ResTime" : 1271.3900000000021,
    "throughput" : 0.49548082517042585,
    "receivedKBytesPerSec" : 0.424607755945074,
    "sentKBytesPerSec" : 0.12387020629260648
  },
  "POST-FAVOURITES-IMAGE" : {
    "transaction" : "POST-FAVOURITES-IMAGE",
    "sampleCount" : 186,
    "errorCount" : 131,
    "errorPct" : 70.43011,
    "meanResTime" : 447.4892473118281,
    "medianResTime" : 422.5,
    "minResTime" : 327.0,
    "maxResTime" : 1585.0,
    "pct1ResTime" : 513.9000000000001,
    "pct2ResTime" : 690.4000000000002,
    "pct3ResTime" : 1224.8199999999981,
    "throughput" : 0.5144943571586634,
    "receivedKBytesPerSec" : 0.44344019694622705,
    "sentKBytesPerSec" : 0.1592640751203253
  },
  "DELETE-IMAGE-FAVOURITED" : {
    "transaction" : "DELETE-IMAGE-FAVOURITED",
    "sampleCount" : 174,
    "errorCount" : 123,
    "errorPct" : 70.68965,
    "meanResTime" : 449.873563218391,
    "medianResTime" : 441.0,
    "minResTime" : 224.0,
    "maxResTime" : 756.0,
    "pct1ResTime" : 500.5,
    "pct2ResTime" : 537.5,
    "pct3ResTime" : 732.0,
    "throughput" : 0.4843531658325029,
    "receivedKBytesPerSec" : 0.39522779038920836,
    "sentKBytesPerSec" : 0.1314943165053084
  }
}