{
  "Total" : {
    "transaction" : "Total",
    "sampleCount" : 3634,
    "errorCount" : 1885,
    "errorPct" : 51.871216,
    "meanResTime" : 567.1788662630709,
    "medianResTime" : 440.0,
    "minResTime" : 0.0,
    "maxResTime" : 19512.0,
    "pct1ResTime" : 722.5,
    "pct2ResTime" : 1181.25,
    "pct3ResTime" : 2360.0500000000015,
    "throughput" : 2.018476222638927,
    "receivedKBytesPerSec" : 2.9485725279498416,
    "sentKBytesPerSec" : 0.6012269088875164
  },
  "Transaction Controller - Add Favorite Image" : {
    "transaction" : "Transaction Controller - Add Favorite Image",
    "sampleCount" : 915,
    "errorCount" : 905,
    "errorPct" : 98.907104,
    "meanResTime" : 19476.479781420752,
    "medianResTime" : 19961.0,
    "minResTime" : 0.0,
    "maxResTime" : 21286.0,
    "pct1ResTime" : 20097.0,
    "pct2ResTime" : 20148.2,
    "pct3ResTime" : 20427.52,
    "throughput" : 0.5081932978468156,
    "receivedKBytesPerSec" : 2.091887761414077,
    "sentKBytesPerSec" : 0.3380730747249647
  },
  "Transaction Controller - Delete Favorite Image" : {
    "transaction" : "Transaction Controller - Delete Favorite Image",
    "sampleCount" : 904,
    "errorCount" : 901,
    "errorPct" : 99.668144,
    "meanResTime" : 19848.335176991164,
    "medianResTime" : 20027.0,
    "minResTime" : 0.0,
    "maxResTime" : 22078.0,
    "pct1ResTime" : 20122.0,
    "pct2ResTime" : 20222.25,
    "pct3ResTime" : 20815.100000000006,
    "throughput" : 0.5027126463372046,
    "receivedKBytesPerSec" : 0.8460945094214134,
    "sentKBytesPerSec" : 0.2608099901904302
  },
  "GET-SEARCH-IMAGE" : {
    "transaction" : "GET-SEARCH-IMAGE",
    "sampleCount" : 910,
    "errorCount" : 11,
    "errorPct" : 1.2087913,
    "meanResTime" : 730.4703296703285,
    "medianResTime" : 479.5,
    "minResTime" : 228.0,
    "maxResTime" : 4123.0,
    "pct1ResTime" : 1544.6999999999998,
    "pct2ResTime" : 2070.2999999999993,
    "pct3ResTime" : 2591.1399999999994,
    "throughput" : 0.505452218657519,
    "receivedKBytesPerSec" : 1.655573528057875,
    "sentKBytesPerSec" : 0.18256955400923588
  },
  "GET-IMAGE-FAVOURITED_ID" : {
    "transaction" : "GET-IMAGE-FAVOURITED_ID",
    "sampleCount" : 903,
    "errorCount" : 622,
    "errorPct" : 68.88151,
    "meanResTime" : 470.8903654485049,
    "medianResTime" : 439.0,
    "minResTime" : 334.0,
    "maxResTime" : 2506.0,
    "pct1ResTime" : 540.0,
    "pct2ResTime" : 667.8,
    "pct3ResTime" : 1147.6400000000021,
    "throughput" : 0.5027013937020367,
    "receivedKBytesPerSec" : 0.4367056348971076,
    "sentKBytesPerSec" : 0.12567534842550918
  },
  "POST-FAVOURITES-IMAGE" : {
    "transaction" : "POST-FAVOURITES-IMAGE",
    "sampleCount" : 905,
    "errorCount" : 620,
    "errorPct" : 68.508286,
    "meanResTime" : 436.62651933701665,
    "medianResTime" : 417.0,
    "minResTime" : 222.0,
    "maxResTime" : 1829.0,
    "pct1ResTime" : 517.0,
    "pct2ResTime" : 603.4999999999997,
    "pct3ResTime" : 891.979999999999,
    "throughput" : 0.5030874560562835,
    "receivedKBytesPerSec" : 0.436821079482537,
    "sentKBytesPerSec" : 0.1556551677018409
  },
  "DELETE-IMAGE-FAVOURITED" : {
    "transaction" : "DELETE-IMAGE-FAVOURITED",
    "sampleCount" : 896,
    "errorCount" : 618,
    "errorPct" : 68.97321,
    "meanResTime" : 471.318080357143,
    "medianResTime" : 441.0,
    "minResTime" : 234.0,
    "maxResTime" : 2541.0,
    "pct1ResTime" : 533.3000000000001,
    "pct2ResTime" : 649.4499999999999,
    "pct3ResTime" : 1249.6299999999994,
    "throughput" : 0.49923721456836595,
    "receivedKBytesPerSec" : 0.4106628524957403,
    "sentKBytesPerSec" : 0.13553510317383372
  }
}